,x_hat_e,x_hat_n,gt_e,gt_n,pe,ul
0,14.302152,8.5336895,14.658958834011607,13.483152114439102,4.9623070771330475,39.956886
1,18.744406,4.937981,9.38260663022719,8.77847342661446,10.118926019251925,40.780388
2,-1.170074,14.356907,9.38260663022719,8.77847342661446,11.936414373853733,23.041832
3,-1.9141206,15.173043,4.409940881862751,4.320180711817287,12.560986360611373,17.41125
4,-5.524938,10.598349,4.409940881862751,4.320180711817287,11.752327972225888,34.09967
5,-4.154548,9.748075,0.04035839596014931,0.42109836581077786,10.226911825094128,33.889534
6,-3.1004763,1.622143,0.04035839596014931,0.42109836581077786,3.3626404287367575,35.195442
7,-5.1472316,3.8403456,-3.4505005160008326,-2.6517812197424124,6.710186824318854,35.0822
8,-3.8653822,-1.0580544,-3.4505005160008326,-2.6517812197424124,1.6468429897143155,12.019145
9,-4.0996475,-0.99518144,-5.764096981556389,-4.731741954480712,4.090510539299107,12.541446
10,-6.398935,-1.8445392,-5.764096981556389,-4.731741954480712,2.956173041737806,14.706778
11,-6.207568,-2.233347,-6.887263430098634,-5.730504408331083,3.5625968075463463,13.334906
12,-6.268541,-3.2939408,-6.887263430098634,-5.730504408331083,2.5138933792437927,13.6998415
13,-6.1231475,-3.462297,-7.120827140561673,-5.947974410445695,2.6784243621755692,15.151606
14,-9.004621,-2.3193333,-7.120827140561673,-5.947974410445695,4.088485516365508,16.722086
15,-9.912081,-1.7537348,-7.107374352778335,-5.939669352138264,5.038692876715748,17.243017
16,-7.8863554,-2.8552964,-7.107374352778335,-5.939669352138264,3.181221171851479,13.723657
17,-8.695206,-2.1654592,-7.106229419647451,-5.935055409612222,4.090806949475266,14.985423
18,-9.202148,-0.6831252,-7.106229419647451,-5.935055409612222,5.65470136065767,12.275964
19,-9.651688,-1.0381008,-7.109091701819581,-5.9325946310529245,5.515511172814071,13.540187
20,-16.541048,-5.7261987,-7.109091701819581,-5.9325946310529245,9.434214320440116,11.441217
21,-15.8006115,-6.0674033,-7.107946783972553,-5.93197944148276,8.693719538906173,11.260214
22,-15.836597,-8.918179,-7.107946783972553,-5.93197944148276,9.225330752141314,12.998929
23,-15.921839,-8.892939,-7.107946783972553,-5.93197944148276,9.297955204902888,14.664527
24,-15.079131,-8.607266,-7.107946783972553,-5.93197944148276,8.408147255549881,15.520704
25,-14.858484,-9.515787,-7.107946783972553,-5.93197944148276,8.538999285867662,14.151972
26,-14.934473,-8.04402,-7.107946783972553,-5.93197944148276,8.106492906946606,17.258036
27,-14.894974,-8.84528,-7.107946783972553,-5.93197944148276,8.314151033310056,17.854546
28,-14.3839445,-8.597597,-7.107946783972553,-5.93197944148276,7.748913507675683,16.678083
29,-14.876224,-8.227134,-7.107946783972553,-5.93197944148276,8.100238109927387,16.676151
30,-11.041069,-1.6571615,-7.107946783972553,-5.93197944148276,5.808917219357906,13.690134
31,-10.958605,-1.8267355,-7.107946783972553,-5.93197944148276,5.62855177654503,12.620807
32,-9.951083,-3.1095047,-7.107946783972553,-5.93197944148276,4.006218697609709,14.409483
33,-10.001464,-2.1599002,-7.107946783972553,-5.93197944148276,4.754053337363965,15.549071
34,-10.744113,-3.9864938,-7.107946783972553,-5.93197944148276,4.123908195085158,12.206064
35,-10.897726,-3.2058902,-7.107946783972553,-5.93197944148276,4.668403326822811,13.530204
36,-10.920448,-3.2220373,-7.107946783972553,-5.93197944148276,4.67749443197661,10.8581085
37,-10.158377,-3.824097,-7.107946784846439,-5.931979442251458,3.7078688440372236,11.165676
38,-11.422869,-1.411028,-7.107946784846439,-5.931979442251458,6.249604233488927,10.565916
39,-11.1318655,-2.6055074,-7.107946784846439,-5.931979442251458,5.220856084933115,13.432425
40,-13.788003,-8.84806,-7.107946784846439,-5.931979442251458,7.288804731271345,15.660805
41,-14.696603,-8.395759,-7.107946784846439,-5.931979442251458,7.97859062245056,14.296697
42,-14.542046,-9.545211,-7.107946784846439,-5.931979442251458,8.265667923090156,14.118933
43,-14.506968,-10.234791,-7.107946784846439,-5.931979442251458,8.55918768343153,12.567223
44,-14.414136,-9.141539,-7.107946784846439,-5.931979442251458,7.980079572466741,16.500204
45,-14.481323,-8.408737,-7.107946784846439,-5.931979442251458,7.778239472151329,15.887704
46,-14.456938,-8.038558,-7.107946784846439,-5.931979442251458,7.644955332705376,13.538995
47,-14.365845,-8.842718,-7.107946784846439,-5.931979442251458,7.819813438187756,14.705641
48,-14.309687,-9.866921,-7.107946784846439,-5.931979442251458,8.206633027433288,15.410978
49,-14.446212,-10.047445,-7.107946784846439,-5.931979442251458,8.413512515864314,15.848918
50,-12.587893,-8.097889,-7.107946784846439,-5.931979442251458,5.892450201427703,13.471573
51,-13.329394,-6.902628,-7.107946784846439,-5.931979442251458,6.296710903616247,12.699905
52,-12.048071,-3.983352,-7.107946784846439,-5.931979442251458,5.310553216734254,12.699354
53,-11.834879,-4.4044895,-7.107946786101783,-5.9319794433425646,4.967606353886554,11.99491
54,-12.580375,-3.8964272,-7.107946786101783,-5.9319794433425646,5.838744778384932,12.5975485
55,-12.42895,-4.650627,-7.107946786101783,-5.9319794433425646,5.4731108369605135,13.092822
56,-10.798566,-6.650495,-7.107946786101783,-5.9319794433425646,3.759911416864952,11.75011
57,-11.415774,-6.1254644,-7.107946786101783,-5.9319794433425646,4.312170535162988,12.076225
58,-13.62293,-3.9536085,-7.107946786101783,-5.9319794433425646,6.8087408713252895,11.282017
59,-12.862569,-4.094653,-7.107946786101783,-5.9319794433425646,6.040814774713008,11.290276
60,-11.259951,-6.5790687,-7.107946786101783,-5.9319794433425646,4.202125704917469,10.469678
61,-11.5856905,-5.7965913,-7.107946786101783,-5.9319794433425646,4.479790029327053,10.908566
62,-11.477697,-6.2950416,-7.107946786101783,-5.9319794433425646,4.3848072121979,11.910227
63,-11.552537,-6.0126324,-7.107946786101783,-5.9319794433425646,4.445321894728131,11.20802
64,-12.706257,-3.9138153,-7.107946786101783,-5.9319794433425646,5.950971553198738,14.401097
65,-12.398682,-3.900214,-7.107946786101783,-5.9319794433425646,5.667446187926156,14.360734
66,-8.475335,-10.695179,-7.107946786101783,-5.9319794433425646,4.955584802842096,8.391207
67,-9.946183,-8.456738,-7.1079467874004765,-5.931979444038885,3.798683207297118,12.015351
68,-11.330814,-7.354322,-7.1079467874004765,-5.931979444038885,4.455970014725009,14.8309555
69,-11.465525,-6.446111,-7.1079467874004765,-5.931979444038885,4.387803151678825,16.611269
70,-12.5552435,-5.5588994,-7.1079467874004765,-5.931979444038885,5.4600577017669805,14.132618
71,-12.579762,-5.943852,-7.1079467874004765,-5.931979444038885,5.471828551602517,14.880265
72,-11.4981985,-6.830903,-7.1079467874004765,-5.931979444038885,4.481336166386604,15.690949
73,-11.011644,-6.7386847,-7.1079467874004765,-5.931979444038885,3.9861796323107908,16.587461
74,-12.89683,-5.004671,-7.1079467874004765,-5.931979444038885,5.86268411633629,14.07007
75,-12.3591585,-5.345819,-7.1079467874004765,-5.931979444038885,5.283825194704077,13.445374
76,-12.73917,-5.70719,-7.1079467874004765,-5.931979444038885,5.635708117563636,13.142584
77,-12.586818,-5.0741076,-7.1079467874004765,-5.931979444038885,5.54562629021902,13.856513
78,-13.978017,-8.421657,-7.1079467874004765,-5.931979444038885,7.307280964521665,13.431978
79,-14.382886,-8.070397,-7.1079467874004765,-5.931979444038885,7.582715267443251,12.850575
80,-13.802143,-9.81547,-7.1079467874004765,-5.931979444038885,7.739105964089529,13.821006
81,-13.5949135,-10.09594,-7.1079467874004765,-5.931979444038885,7.708391621320266,12.285932
82,-14.3054905,-9.284042,-7.1079467874004765,-5.931979444038885,7.939833826157052,14.610747
83,-14.6646385,-8.697588,-7.107946788274361,-5.931979445238413,8.046873952830902,14.505924
84,-12.70779,-10.577256,-7.107946788274361,-5.931979445238413,7.275771048242923,15.664782
85,-13.184075,-10.392998,-7.107946788274361,-5.931979445238413,7.5379057175833335,18.02118
86,-13.993761,-10.071721,-7.107946788274361,-5.931979445238413,8.034419642902884,14.605605
87,-13.296984,-11.272945,-7.107946788274361,-5.931979445238413,8.174967614707453,16.221525
88,-13.826703,-10.067344,-7.107946788274361,-5.931979445238413,7.8894184584317335,13.016598
89,-13.8376255,-10.76424,-7.107946788274361,-5.931979445238413,8.284885046870876,13.518303
90,-13.279277,-10.507046,-7.107946788274361,-5.931979445238413,7.682222748598135,14.131459
91,-14.048441,-10.3763485,-7.107946788274361,-5.931979445238413,8.241533548491134,12.665752
92,-14.078509,-9.192721,-7.107946788274361,-5.931979445238413,7.695529873772413,16.657688
93,-13.577194,-9.891319,-7.107946788274361,-5.931979445238413,7.584690774204484,17.16897
94,-14.243028,-6.9244647,-7.107946788274361,-5.931979445238413,7.2037772327085525,13.8195505
95,-13.725189,-7.1446977,-7.107946788274361,-5.931979445238413,6.727449943167118,14.965531
96,-14.13193,-9.332697,-7.107946788274361,-5.931979445238413,7.803923654160861,14.506077
97,-14.403092,-8.674661,-7.107946788274361,-5.931979445238413,7.793680108778945,15.356895
98,-12.951913,-9.935244,-7.107946788274361,-5.931979445238413,7.0836476215268975,13.641236
99,-12.844496,-10.47909,-7.107946789573055,-5.931979446365564,7.320123375839354,15.837484
100,-14.160064,-8.86899,-7.107946789573055,-5.931979446365564,7.639265946349617,12.555987
101,-14.662747,-9.066712,-7.107946789573055,-5.931979446365564,8.179337538579833,12.214761
102,-13.2903595,-11.157085,-7.107946789573055,-5.931979446365564,8.094687103771264,15.087419
103,-13.09717,-11.347752,-7.107946789573055,-5.931979446365564,8.074737233437675,12.878794
104,-13.285662,-8.447474,-7.107946789573055,-5.931979446365564,6.670222780905902,14.016515
105,-13.46627,-8.362056,-7.107946789573055,-5.931979446365564,6.806875252990927,15.159207
106,-13.387548,-9.995513,-7.107946789573055,-5.931979446365564,7.479685929709077,12.793866
107,-13.189643,-10.656792,-7.107946789573055,-5.931979446365564,7.701355618605128,13.331084
108,-13.315254,-9.671485,-7.107946789573055,-5.931979446365564,7.246693509469906,14.416058
109,-13.095234,-9.863253,-7.107946789573055,-5.931979446365564,7.16257747394516,13.90701
110,-13.58801,-9.923144,-7.107946789573055,-5.931979446365564,7.610559393092757,13.226037
111,-13.636864,-9.265541,-7.107946789573055,-5.931979446365564,7.330715468299928,13.237903
112,-13.309711,-10.726194,-7.107946789573055,-5.931979446365564,7.838774255441023,11.242
113,-13.023256,-9.676373,-7.107946790871748,-5.9319794470618845,7.000811821222662,11.268394
114,-12.544325,-11.193052,-7.107946790871748,-5.9319794470618845,7.565255722752623,13.450649
115,-12.901957,-11.601603,-7.107946790871748,-5.9319794470618845,8.106489706561286,12.629621
116,-13.009034,-10.555577,-7.107946790871748,-5.9319794470618845,7.4966985402798745,14.040249
117,-13.136776,-10.854058,-7.107946790871748,-5.9319794470618845,7.782906987327487,14.857101
118,-13.087915,-8.611256,-7.107946790871748,-5.9319794470618845,6.552751007064936,13.339116
119,-13.501077,-8.139481,-7.107946790871748,-5.9319794470618845,6.763517673000459,13.269633
120,-13.745969,-9.523734,-7.107946790871748,-5.9319794470618845,7.547452409655496,16.708578
121,-13.314367,-9.317246,-7.107946790871748,-5.9319794470618845,7.069631394858921,16.437819
122,-12.3286295,-10.790847,-7.107946790871748,-5.9319794470618845,7.131908585834573,15.105679
123,-12.857475,-10.334915,-7.112526464879585,-5.929826273101442,7.2394229748345955,16.092321
124,-12.564598,-9.870337,-7.112526464879585,-5.929826273101442,6.727013158875198,12.975338
125,-12.568995,-9.667769,-7.113957599920615,-5.92582751913941,6.615101473648885,12.510156
126,-13.786875,-10.354425,-7.113957599920615,-5.92582751913941,8.008764138890596,11.678975
127,-13.234595,-10.577223,-7.1145300433331435,-5.922136359652647,7.689280117294454,11.82132
128,-13.303833,-9.194626,-7.1145300433331435,-5.922136359652647,7.001189804593795,15.760071
129,-13.338491,-9.40912,-7.115674946229888,-5.9178300086725635,7.135302948398323,14.480472
130,-13.3276415,-13.639181,-7.115674946229888,-5.9178300086725635,9.90998443759592,14.764865
131,-12.873205,-13.464296,-7.117392309384535,-5.913216062081586,9.494640342644397,14.885678
132,-12.364372,-13.79908,-7.117392309384535,-5.913216062081586,9.471939976833037,19.258944
133,-11.891093,-13.113538,-7.119395900752996,-5.907679327317106,8.642539661052709,17.471241
134,-13.178484,-11.518378,-7.119395900752996,-5.907679327317106,8.257874462244825,15.867357
135,-13.49411,-11.280075,-7.1219719499688665,-5.901527400507451,8.338640162853226,16.667154
136,-13.105108,-11.472065,-7.1219719499688665,-5.901527400507451,8.174888925987792,15.679463
137,-12.952834,-12.140285,-7.125120448265905,-5.895067869234747,8.541953991428787,16.431019
138,-11.83067,-14.934099,-7.125120448265905,-5.895067869234747,10.190499854892778,16.312458
139,-12.133516,-14.823265,-7.18179394412374,-5.93474764032772,10.174738158971989,15.994401
140,-13.775101,-12.839872,-7.18179394412374,-5.93474764032772,9.547378775353891,16.351835
141,-13.604066,-11.571173,-7.641765510255689,-6.33646721885939,7.934177178648189,16.548504
142,-14.6989,-13.630539,-7.641765510255689,-6.33646721885939,10.149218326063508,15.89653
143,-14.654146,-12.971734,-9.105545831132469,-7.609604506623717,7.716177758384412,16.877789
144,-17.352066,-15.472925,-9.105545831132469,-7.609604506623717,11.394599934402443,16.57812
145,-17.49804,-15.745017,-11.354741870470265,-9.625892033934782,8.670858874548923,17.532743
146,-27.57249,-32.627064,-11.354741870470265,-9.625892033934782,28.143725361273706,17.854403
147,-28.679579,-30.444841,-13.636855375218545,-12.137715680712274,23.69460653851788,16.928654
148,-36.21571,-32.066257,-13.636855375218545,-12.137715680712274,30.115634479764605,25.468847
149,-36.677307,-31.461815,-15.032515992525248,-15.512960611710726,26.886110462849096,25.91927
150,-39.601196,-29.23283,-15.032515992525248,-15.512960611710726,28.139915935402332,32.966557
151,-38.97942,-30.195312,-14.268285263414759,-19.481866867005238,26.933586520958432,32.508186
152,-37.195683,-31.790972,-14.268285263414759,-19.481866867005238,26.022674889170624,38.72287
153,-37.084915,-32.932198,-11.521337726749666,-23.50706469238105,27.245726656111998,38.040775
154,-31.55862,-59.712025,1.2963377981018773,-38.78257184450711,38.95497757709506,80.88973
155,-31.64929,-60.07851,6.340866165767909,-45.191938922869454,40.802720238339106,80.187935
156,-23.420593,-65.97759,6.340866165767909,-45.191938922869454,36.30134791661341,88.353325
157,-24.913063,-66.70853,11.91521208301726,-52.08392156205584,39.625760839005565,89.587166
158,-9.527842,-71.53382,11.91521208301726,-52.08392156205584,28.950011090636202,83.22993
159,-9.629103,-71.89002,17.995047130915736,-59.44406201537244,30.2984418925681,83.15869
160,19.589743,-73.35823,17.995047130915736,-59.44406201537244,14.005254049039197,16.547722
161,18.459026,-73.731735,24.532285608776533,-67.19238479694711,8.924549415284584,18.235287
162,29.390785,-76.67804,24.532285608776533,-67.19238479694711,10.65751680997101,24.083849
163,29.622425,-76.73083,31.5306495167641,-75.2501448472536,2.415313876671542,25.898226
164,40.199566,-83.19353,31.5306495167641,-75.2501448472536,11.757866923396838,30.292454
165,39.61728,-83.06354,38.954361196182276,-83.63579754050164,0.8757519778573384,29.837975
166,49.74559,-88.56263,38.954361196182276,-83.63579754050164,11.862727289826687,35.850113
167,50.83941,-86.83657,46.52119660194737,-92.05743467490235,6.775276928682741,35.181705
168,57.785236,-96.94975,46.52119660194737,-92.05743467490235,12.280609445467295,33.514942
169,58.38088,-96.08648,53.66298534711017,-100.19023747990366,6.252947100567226,35.27884
170,65.63517,-101.492584,53.66298534711017,-100.19023747990366,12.042811632144105,46.021423
171,64.214516,-102.9118,60.271815490178355,-107.6715516215591,6.180627232484177,43.287212
172,73.89882,-108.482056,60.271815490178355,-107.6715516215591,13.651085694351687,49.798424
173,73.55655,-108.899704,66.4109431387231,-114.57150958950618,9.122996384700826,49.14853
174,80.11302,-112.2723,66.4109431387231,-114.57150958950618,13.893643238931707,56.546707
175,82.2659,-110.20834,72.00422861352845,-120.81198251580527,14.755983629780864,52.920288
176,70.75392,-133.37381,72.00422861352845,-120.81198251580527,12.623896899817277,19.993935
177,71.18582,-132.60384,76.63663270218501,-126.06384633790637,8.51368357171957,19.667032
178,69.21896,-141.69926,76.63663270218501,-126.06384633790637,17.30572496301884,17.08067
179,69.24968,-142.2172,79.73340175484151,-130.7968031536568,15.502701344346159,16.77538
180,70.68049,-147.29759,79.73340175484151,-130.7968031536568,18.82103277635348,27.34252
181,71.59537,-146.981,80.95306224492442,-135.57652433082922,14.752239882339177,28.703438
182,75.650925,-146.20195,80.95306224492442,-135.57652433082922,11.874861470230362,25.953552
183,74.648605,-147.55994,80.3611580395525,-140.16277729296695,9.346187615802721,26.852781
184,78.27331,-146.52939,80.3611580395525,-140.16277729296695,6.700213128171422,30.431583
185,78.0977,-146.34317,78.06731241210612,-144.28795169952141,2.055443133164659,29.951176
186,79.34956,-144.77582,78.06731241210612,-144.28795169952141,1.371926203085924,34.28947
187,79.17241,-145.13205,74.31110055535592,-147.79824860128952,5.544451071027199,33.634243
188,-59.701164,-306.1689,-90.69187038551442,-289.9288166800879,34.988064448174676,2.326348e-06
189,-61.070084,-304.49573,-90.78003121842252,-290.0017162930486,33.05688050027831,2.326348e-06
190,-90.1467,-324.5746,-90.78003121842252,-290.0017162930486,34.57866913134634,18.5986
191,-89.59183,-325.43228,-90.92687051289822,-290.1278294416567,35.329685462217924,19.233534
192,-89.54697,-325.7489,-90.92687051289822,-290.1278294416567,35.647789553675224,26.18805
193,-88.921844,-326.97287,-91.53913063578011,-290.6845736102218,36.38255945459482,26.378933
194,-93.277214,-324.8801,-91.53913063578011,-290.6845736102218,34.239665816902104,32.54688
195,-92.479225,-325.83127,-93.10999745306405,-292.11765159140407,33.71951698901711,34.243748
196,-92.60014,-330.93665,-93.10999745306405,-292.11765159140407,38.82234201853774,41.644684
197,-90.58787,-332.43964,-95.51696237260757,-294.32894130573914,38.4281282600961,40.977695
198,-93.82692,-335.1635,-95.51696237260757,-294.32894130573914,40.869530278323204,46.322567
199,-89.77712,-338.2169,-98.71222430152247,-297.27137982192266,41.90907681202008,49.320442
200,-89.792175,-346.96774,-98.71222430152247,-297.27137982192266,50.49055138818726,56.20059
201,-89.34712,-347.3026,-102.6001813103292,-300.86160984493506,48.295033755558286,54.111366
202,-88.84545,-355.5342,-102.6001813103292,-300.86160984493506,56.376287801561425,58.71789
203,-89.80701,-354.5163,-107.04859308020589,-305.0350363548441,52.39911631469121,58.253433
204,-93.0944,-359.72803,-107.04859308020589,-305.0350363548441,56.44504238403643,62.751846
205,-94.05282,-358.59967,-111.98819187212331,-309.84671862691675,51.947357322678556,64.64387
206,-99.69648,-364.64337,-111.98819187212331,-309.84671862691675,56.15834186309332,53.06096
207,-100.2714,-364.85004,-117.30362538370582,-315.3726304062766,52.32695683757872,55.530514
208,-106.39532,-369.6046,-117.30362538370582,-315.3726304062766,55.318163947961146,52.922436
209,-109.07836,-367.00922,-122.83746673520258,-321.6641443688549,47.386585926656785,53.953793
210,-114.22887,-373.92145,-122.83746673520258,-321.6641443688549,52.96162529377801,54.86242
211,-112.26102,-376.8928,-128.66299090779236,-328.41366433947206,51.17861416090003,55.746494
212,-285.44278,-341.39948,-289.676915697643,-450.42939705674473,109.11210652992537,49.581455
213,-287.38702,-345.65277,-289.6729089494854,-450.4290904579018,104.80125185466274,46.478153
214,-288.574,-349.42813,-289.6729089494854,-450.4290904579018,101.00693728708708,61.312263
215,-288.50604,-348.43942,-289.6729091824385,-450.42939840894377,101.99665064057342,61.611423
216,-289.19458,-347.7334,-289.6729091824385,-450.42939840894377,102.69711392666696,66.36944
217,-289.58173,-346.737,-289.6668975752398,-450.4235534271065,103.68658889669966,67.72933
218,-290.63715,-342.54587,-289.6668975752398,-450.4235534271065,107.88204861043938,67.5003
219,-290.69055,-342.97095,-289.6565918628304,-450.4109407863125,107.44496861551872,68.8548
220,-289.7836,-345.5321,-289.6565918628304,-450.4109407863125,104.87891319726558,65.90898
221,-289.69467,-345.2911,-289.6528703421014,-450.4075567383412,105.11645787209224,65.10121
222,-290.42535,-349.72287,-289.6528703421014,-450.4075567383412,100.68765018695257,51.986988
223,-290.64548,-349.24054,-289.65258409910797,-450.4072491481859,101.1715818185319,52.574768
224,-276.83203,-412.82996,-289.65258409910797,-450.4072491481859,39.70415005501883,7.9905887
225,-271.91214,-415.9032,-289.6522978149033,-450.4072490826633,38.79745774546546,0.7385583
226,-281.51746,-445.1568,-289.6522978149033,-450.4072490826633,9.682090332760792,1.2825388
227,-283.48264,-443.7748,-289.6522978095694,-450.40694148681956,9.058139467045445,2.9383974
228,-290.69342,-455.32745,-289.6522978095694,-450.40694148681956,5.029450850352276,9.70718
229,-290.8302,-455.77103,-289.65201157101694,-450.4069414921859,5.491952075521261,10.750932
230,-291.7648,-457.10614,-289.65201157101694,-450.4069414921859,7.024467364677775,10.587377
231,-290.60895,-456.5246,-289.65201156530156,-450.40663389688143,6.192350236819193,9.780504
232,-293.91742,-457.9653,-289.65201156530156,-450.40663389688143,8.679122099844282,10.088447
233,-293.6122,-457.9305,-289.6517252770808,-450.40632623533406,8.502871725822835,11.131686
234,-292.85684,-458.0044,-289.6517252770808,-450.40632623533406,8.246418331606696,10.184056
235,-292.3713,-457.54788,-289.65143903247485,-450.40601864510944,7.642244245886721,9.821323
236,-293.5855,-457.94238,-289.65143903247485,-450.40601864510944,8.50139407619851,10.442522
237,-293.36792,-458.12018,-289.65115274297966,-450.40571098377916,8.563139788758651,10.895743
238,-293.19565,-456.1758,-289.65115274297966,-450.40571098377916,6.771817411371924,10.822663
239,-293.40414,-457.00555,-289.65086649866845,-450.405403393805,7.592699441661571,10.942747
240,-293.19498,-457.2194,-289.65086649866845,-450.405403393805,7.680569196947942,9.106498
241,-293.30695,-457.40536,-289.65058021049106,-450.4050957327245,7.897643889635462,9.335195
242,-292.9201,-456.6394,-289.65058021049106,-450.4050957327245,7.039630352123487,10.775781
243,-292.9752,-456.72586,-289.65000767668465,-450.40448048185084,7.142596080316615,10.017911
244,-292.67944,-458.32373,-289.65000767668465,-450.40448048185084,8.478915078626503,8.7533245
245,-292.81094,-458.47104,-289.64943514462084,-450.40386523072374,8.664549926494123,8.664343
246,-293.1849,-456.6984,-289.64943514462084,-450.40386523072374,7.219463719650586,10.5286
247,-292.31488,-456.8471,-289.6488626059487,-450.40294238396996,6.973873204088031,10.320196
248,-292.50345,-457.81335,-289.6488626059487,-450.40294238396996,7.941213267636047,8.705973
249,-292.43365,-457.50958,-289.6482900677014,-450.40201953800545,7.633852772067216,8.549583
250,-293.409,-458.1129,-289.6482900677014,-450.40201953800545,8.579092196447412,9.577786
251,-293.20285,-457.94373,-289.64714504710196,-450.40078910614034,8.339000592455687,9.522898
252,-293.06644,-457.521,-289.64714504710196,-450.40078910614034,7.8986646603158395,9.874881
253,-292.7527,-457.47473,-289.6460000203189,-450.39925107900706,7.727478073400584,9.476892
254,-291.3576,-456.89746,-289.6460000203189,-450.39925107900706,6.719845452435967,9.737837
255,-291.65125,-455.91754,-289.6445687493114,-450.3974054624024,5.873555308507979,9.436441
256,-292.01746,-458.0544,-289.6445687493114,-450.3974054624024,8.016255745179079,8.488013
257,-291.78445,-457.70227,-289.6428512311643,-450.39494465950946,7.614688106119656,9.621004
258,-292.23187,-457.22028,-289.6428512311643,-450.39494465950946,7.299875183066972,10.429416
259,-292.6338,-457.09656,-289.64056117797975,-450.3918686064269,7.3424973884696465,10.188221
260,-293.1008,-458.18243,-289.64056117797975,-450.3918686064269,8.524444855465326,10.563395
261,-292.6942,-457.93475,-289.63769866765256,-450.3872546578645,8.142912421165002,11.2936
262,-293.77307,-457.53186,-289.63769866765256,-450.3872546578645,8.255101285649303,9.653258
263,-294.2213,-457.99365,-289.633690828002,-450.3820249704617,8.88724663972914,9.466708
264,-291.88977,-456.7749,-289.633690828002,-450.3820249704617,6.779290274914863,10.066448
265,-292.10837,-457.38602,-289.6319722535669,-450.38140803673167,7.429473740653649,9.399761
266,-293.0436,-458.02933,-289.6319722535669,-450.38140803673167,8.374362064522263,11.50859
267,-293.44507,-458.67346,-289.7332991992974,-450.37617511100916,9.089675384183218,10.526889
268,-287.20288,-450.2448,-289.7332991992974,-450.37617511100916,2.5338258106805163,7.908479
269,-287.04144,-450.34644,-290.24566352942924,-450.3543241572747,3.2042303689775395,8.831356
270,-293.70557,-456.95984,-290.24566352942924,-450.3543241572747,7.456792373394025,7.9925103
271,-292.8534,-456.8532,-291.5594946773975,-450.30231518523533,6.677454834316199,8.665775
272,-296.32483,-458.72455,-291.5594946773975,-450.30231518523533,9.676901543609786,9.09068
273,-296.61642,-458.69623,-293.8101817543774,-450.22260385711024,8.926214498069339,9.463759
274,-294.4364,-451.06888,-293.8101817543774,-450.22260385711024,1.0527731106958982,7.393448
275,-295.10562,-451.0301,-297.0818780572381,-450.0552078349453,2.2036303010919496,7.2884717
276,-300.54898,-451.34485,-297.0818780572381,-450.0552078349453,3.699185614747705,7.744243
277,-305.37827,-449.7127,-301.3883225527411,-449.7598318469434,3.9902211058895594,7.4520717
278,-310.88562,-446.0197,-301.3883225527411,-449.7598318469434,10.207210190726666,8.397296
279,-310.9048,-446.8319,-306.5520464616465,-449.3057183529353,5.006602237959729,8.861944
280,-315.60965,-447.24292,-306.5520464616465,-449.3057183529353,9.28952706188304,8.880789
281,-311.6244,-451.833,-312.3248840618983,-448.77776951908913,3.134513272074932,9.36128
282,-319.40265,-449.2953,-312.3248840618983,-448.77776951908913,7.096659843577765,9.307577
283,-320.76813,-449.9059,-318.5983507694188,-448.2128968496013,2.7521335207690885,8.711653
284,-325.65668,-450.62958,-318.5983507694188,-448.2128968496013,7.460584338920997,7.38163
285,-324.75583,-450.93054,-325.21043554487306,-447.6655456103581,3.296493381403101,6.8180146
286,-331.05502,-449.46027,-325.21043554487306,-447.6655456103581,6.113937067426479,10.262113
287,-332.2075,-449.31818,-331.71604153858163,-447.1858659564027,2.188211116927901,11.852584
288,-338.43542,-449.48715,-331.71604153858163,-447.1858659564027,7.102536827763617,7.2217665
289,-336.3167,-448.52747,-338.0310140241198,-446.7883152099191,2.4420233914322083,7.89788
290,-341.63605,-449.31836,-338.0310140241198,-446.7883152099191,4.404246684022725,8.307652
291,-343.3786,-448.48557,-344.1101245148654,-446.26465461864893,2.3382836206017514,7.15474
292,-351.1535,-448.5815,-344.1101245148654,-446.26465461864893,7.414648783914474,10.620425
293,-351.45013,-447.9467,-350.08875983241757,-445.43955237189056,2.8529034965437985,9.865448
294,-356.55933,-446.8015,-350.08875983241757,-445.43955237189056,6.612349607815281,8.240918
295,-356.9112,-447.4321,-356.0756842426166,-444.0798480521868,3.454802254627313,9.600577
296,-360.91794,-443.71088,-356.0756842426166,-444.0798480521868,4.856291150049748,7.733283
297,-360.00485,-441.10513,-361.44773683615153,-441.2150951250965,1.4470685732952067,6.129075
298,-369.5102,-436.4169,-361.44773683615153,-441.2150951250965,9.382210170445873,27.559172
299,-356.88733,-441.22125,-365.6942578349886,-436.7548630367195,9.874746985616621,26.620237
300,-355.12976,-435.49173,-365.6942578349886,-436.7548630367195,10.639741752428042,28.086454
301,-356.70142,-435.52408,-368.3043202132051,-430.890493127641,12.493898431172898,29.7433
302,-345.5397,-429.6441,-368.3043202132051,-430.890493127641,22.798711935213074,15.829693
303,-376.06952,-427.26755,-369.1185051396045,-424.14705768781477,7.619320942389327,18.252953
304,-353.94012,-421.05658,-369.1185051396045,-424.14705768781477,15.489812566942707,22.560095
305,-349.02548,-422.51053,-368.3369076627105,-416.95641926417755,20.094259985906223,22.359167
306,-356.03137,-415.33942,-368.3369076627105,-416.95641926417755,12.411321611436001,25.572872
307,-355.90094,-414.87833,-366.7200641620103,-409.4957316740167,12.084112505991317,24.51401
308,-355.72583,-406.79196,-366.7200641620103,-409.4957316740167,11.321817668833424,24.996809
309,-355.53925,-406.78946,-364.99443989659295,-401.540124654026,10.814629561748289,26.834139
310,-357.91656,-398.71735,-364.99443989659295,-401.540124654026,7.6199994836147456,32.09415
311,-359.4123,-398.62305,-363.26251530516276,-393.40026719561615,6.488577916553026,28.139416
312,-364.8907,-390.42358,-363.26251530516276,-393.40026719561615,3.392872362187009,38.97253
313,-363.5207,-389.8132,-361.72494831427167,-385.2680956812786,4.886991106729375,40.07174
314,-370.8958,-385.56644,-361.72494831427167,-385.2680956812786,9.175716117708262,41.53177
315,-370.10876,-385.71143,-360.34538520662835,-377.13684260832224,12.994116157484411,42.394726
316,-368.86566,-374.34106,-360.34538520662835,-377.13684260832224,8.967245155117231,35.50044
317,-370.42316,-374.51654,-358.98758005011985,-369.1716890190788,12.622989021472783,37.14672
318,-370.16306,-366.47717,-358.98758005011985,-369.1716890190788,11.49572386229152,47.682312
319,-368.38727,-366.57416,-357.7980896194637,-361.4889038579572,11.746936067339924,48.05031
320,-375.40015,-358.89203,-357.7980896194637,-361.4889038579572,17.792587386256578,52.47793
321,-374.93124,-359.16254,-356.64095100642527,-353.9725290989852,19.01239048840755,48.693645
322,-353.869,-351.91617,-356.64095100642527,-353.9725290989852,3.4514343101264835,31.1374
323,-353.7976,-351.7741,-355.43142538048795,-346.17316707509025,5.8343731710557005,28.571285
324,-351.38617,-343.4388,-355.43142538048795,-346.17316707509025,4.88270334480132,46.109283
325,-351.9832,-343.2919,-354.16979416099355,-337.8410509610041,5.8730760764972265,46.26004
326,-361.1839,-331.37244,-352.81912990406386,-328.86513890541164,8.732462546844452,63.820843
327,-359.0654,-330.73694,-351.41893502074106,-319.28572561416695,13.769484013738525,64.45656
328,-355.70398,-292.41986,-348.4001288891137,-299.0577011623114,9.869506460740505,54.654736
329,-360.0774,-293.63013,-346.83562845683554,-288.92092802532534,14.05421188062349,61.155575
330,-370.16742,-289.28873,-346.83562845683554,-288.92092802532534,23.334689758526316,63.528362
331,-370.89172,-289.30057,-345.24079507497447,-279.11943306863895,27.597565776238483,60.75242
332,-297.90405,-184.30894,-325.33626215664407,-166.7054008723681,32.59464479257636,50.0151
333,-299.39392,-180.37675,-322.6182899224353,-157.50650480958473,32.594779480635324,39.941833
334,-309.42163,-153.72052,-322.6182899224353,-157.50650480958473,13.729001830328647,26.618757
335,-307.73624,-154.52957,-319.95442494772334,-148.5112362418227,13.620003188606276,20.372824
336,-306.17563,-144.12056,-319.95442494772334,-148.5112362418227,14.461440718069916,27.925865
337,-307.11017,-143.9285,-317.3764345036068,-139.72205324498697,11.094610865128022,26.37263
338,-306.6389,-135.90567,-317.3764345036068,-139.72205324498697,11.395601715234674,27.474674
339,-307.8546,-135.98055,-314.83566276970083,-131.18017611894112,8.472224037493591,25.873425
340,-308.72897,-127.43611,-314.83566276970083,-131.18017611894112,7.163077232595114,29.308311
341,-307.26178,-127.54814,-312.35873194632063,-122.99172504399567,6.836655034946625,30.215546
342,-302.13727,-120.29161,-312.35873194632063,-122.99172504399567,10.57208310708277,29.489008
343,-302.62787,-120.530685,-310.26537519865855,-115.906918214814,8.92808655072219,30.616886
344,-298.6186,-114.69629,-310.26537519865855,-115.906918214814,11.709534488027497,28.723736
345,-298.79312,-115.125206,-308.6260173457588,-110.51203203681396,10.86127146597494,28.00074
346,-293.6614,-111.30324,-308.6260173457588,-110.51203203681396,14.985511517941296,29.555101
347,-295.82953,-111.18126,-307.28236439658417,-106.42226802686011,12.402235264897076,30.036943
348,-299.60443,-107.846146,-307.28236439658417,-106.42226802686011,7.808846671013711,28.38685
349,-298.6101,-108.21846,-306.28392884399415,-103.39277914485764,9.065027950061745,26.544083
350,-298.169,-105.57479,-306.28392884399415,-103.39277914485764,8.40316265815328,27.17861
351,-300.06476,-105.48263,-305.6055188576581,-101.28853137496239,6.949134690522621,23.187027
352,-300.76813,-104.37813,-305.6055188576581,-101.28853137496239,5.739857431965767,23.668657
353,-302.0329,-104.150734,-305.18816790376195,-99.98587245922498,5.2251124107213665,23.364899
354,-299.22415,-103.651794,-305.18816790376195,-99.98587245922498,7.000605278015319,26.263994
355,-300.99527,-103.62578,-304.9689006218349,-99.27625380370952,5.891358464942379,25.442276
356,-299.36523,-103.385124,-304.9689006218349,-99.27625380370952,6.9486611223456185,32.867985
357,-298.4208,-103.461876,-304.91308160615654,-99.07724058244473,7.834197984613865,33.06026
358,-294.8816,-103.76327,-304.91308160615654,-99.07724058244473,11.07202042203404,32.73849
359,-296.02512,-103.36781,-304.91708887188776,-99.07847088564662,9.872468732060238,32.190514
360,-299.95905,-104.12488,-304.91708887188776,-99.07847088564662,7.074490725314714,28.255589
361,-299.02728,-103.890915,-304.91708887188776,-99.07847088564662,7.605881548011842,27.26192
362,-307.20645,-103.06202,-304.91708887188776,-99.07847088564662,4.594544505337288,17.035711
363,-287.45712,-106.31822,-304.91708887188776,-99.07847088564662,18.90143941604329,15.494724
364,-290.24603,-107.37057,-304.91708887188776,-99.07847088564662,16.85226252077835,17.752644
365,-293.64536,-107.31636,-304.91708887188776,-99.07847088564662,13.96118921435559,13.466054
366,-292.97452,-107.71907,-304.91708887188776,-99.07847088564662,14.74058899230736,9.351167
367,-317.8633,-112.21348,-304.91708887188776,-99.07847088564662,18.442697782068826,10.685505
368,-315.76785,-112.95982,-304.91708887188776,-99.07847088564662,17.61905306401434,16.430357
369,-314.25024,-111.89905,-304.91708887188776,-99.07847088564662,15.857962700464727,17.573084
370,-317.38068,-112.15988,-304.91708887188776,-99.07847088564662,18.068323576958658,10.5617485
371,-317.5488,-112.50211,-304.91680237725404,-99.07724043165607,18.43351610956319,13.65481
372,-318.28714,-113.23678,-304.91680237725404,-99.07724043165607,19.47455870528317,12.298705
373,-317.55795,-111.725914,-304.91365323260794,-99.07600992332075,17.885703418681015,13.064632
374,-313.9253,-111.121666,-304.91365323260794,-99.07600992332075,15.043519533595319,16.765022
375,-316.8912,-113.346275,-304.90993157128855,-99.07447181515542,18.634250308236513,13.228459
376,-316.72882,-112.94351,-304.90993157128855,-99.07447181515542,18.22186645869488,10.324384
377,-317.12613,-114.10011,-304.907068500691,-99.07262606338367,19.36829378746907,10.511605
378,-317.83466,-115.0009,-304.907068500691,-99.07262606338367,20.51420072892441,13.168288
379,-317.3922,-114.236305,-304.89762123974674,-99.04125117298868,19.672429034599308,12.430171
380,-315.81177,-113.228134,-304.89762123974674,-99.04125117298868,17.899336273967716,12.795559
381,-315.69315,-113.24566,-304.9050556880572,-98.70597153694233,18.10484452021077,10.550157
382,-318.38928,-112.155975,-304.9050556880572,-98.70597153694233,19.04539229557461,14.444916
383,-314.03842,-110.475555,-304.6414123607849,-97.51773479903217,16.00652674583153,13.452424
384,-317.8865,-107.96983,-304.6414123607849,-97.51773479903217,16.872428604256605,18.71136
385,-304.10815,-99.79428,-303.98761061978615,-95.05236894661307,4.743443976238321,16.033049
386,-307.2085,-97.279236,-303.98761061978615,-95.05236894661307,3.915742508970446,15.344119
387,-306.00122,-96.92503,-302.9674097843333,-91.40522805997078,6.298592029350496,16.732306
388,-283.45966,-89.28729,-302.9674097843333,-91.40522805997078,19.622388186093843,16.830673
389,-284.77814,-88.09787,-301.60084686708603,-86.60522558745463,16.888799462063954,15.580019
390,-279.4848,-80.66336,-301.60084686708603,-86.60522558745463,22.900331640784675,24.936255
391,-278.00153,-81.634766,-299.98839287224695,-80.78431817770885,22.0033084113153,25.919788
392,-280.90076,-74.08565,-299.98839287224695,-80.78431817770885,20.228940584986933,17.628168
393,-281.68704,-73.92987,-298.04103275452263,-74.05508742195987,16.354469881971962,17.236555
394,-287.2153,-70.59569,-298.04103275452263,-74.05508742195987,11.36502979254555,24.752699
395,-286.57095,-70.26328,-295.7896852269292,-66.69036977957836,9.886896598272836,25.395117
396,-292.98355,-65.7172,-295.7896852269292,-66.69036977957836,2.970091947611846,46.109013
397,-295.6268,-66.64441,-293.3351060335276,-58.87010626189275,8.10503852892624,46.508556
398,-301.21753,-68.106125,-293.3351060335276,-58.87010626189275,12.1423488822526,57.37571
399,-301.27332,-68.24981,-290.67042866187757,-50.626287263891236,20.567200478902876,54.34693
400,-301.1278,-69.71111,-290.67042866187757,-50.626287263891236,21.76206210540168,49.17643
401,-301.25647,-69.05329,-287.85433035941577,-41.956143098387734,30.23032883386892,50.892265
402,-273.5223,-43.919044,-287.85433035941577,-41.956143098387734,14.465816146382494,66.17244
403,-272.51764,-43.643696,-284.91657973339665,-32.85167566935997,16.437804796092504,70.89507
404,-271.7251,-29.62216,-284.91657973339665,-32.85167566935997,13.581051915162538,70.214935
405,-271.29446,-29.549084,-281.89696361285627,-23.32672594682515,12.293523978474296,69.82715
406,-264.1102,-13.54503,-278.7717292290135,-13.633214998678373,14.661795458205571,71.223305
407,-265.26453,-13.753895,-275.64821846906574,-4.056281974023754,14.207911750279788,70.19003
408,-262.60464,-2.503305,-275.64821846906574,-4.056281974023754,13.135697633303097,65.16159
409,-263.35043,-2.6573567,-272.5083969174504,5.49112238133366,12.25830366262548,64.845406
410,-264.21066,5.580752,-272.5083969174504,5.49112238133366,8.298218136452176,76.06881
411,-264.03818,5.550811,-269.35140326004733,15.117271665393524,10.942921972859436,76.76648
412,-264.53406,14.671528,-269.35140326004733,15.117271665393524,4.837923788212779,72.45989
413,-264.32635,14.946405,-266.20643597699586,24.733578909072072,9.966116075956336,72.0502
414,-266.38623,26.258217,-266.20643597699586,24.733578909072072,1.5352025710968336,85.68242
415,-266.31656,26.474855,-263.17539540266534,34.13949348620254,8.283331719006167,85.90482
416,-264.72906,34.6802,-263.17539540266534,34.13949348620254,1.6450687313253223,85.55922
417,-264.71332,34.641655,-260.21820957007327,43.297795559249295,9.753705376360616,83.75939
418,-268.58014,49.19754,-260.21820957007327,43.297795559249295,10.233711656936908,90.64338
419,-268.79172,49.455334,-257.3291530196068,52.240782489498045,11.796148101969196,90.47767
420,-266.5667,57.785606,-257.3291530196068,52.240782489498045,10.773929521377047,81.4275
421,-266.9429,57.39325,-254.5371357529663,60.962303021295426,12.908956948054234,81.9148
422,-235.26718,55.852196,-242.83039291625056,97.56784441178257,42.39572516919014,47.868973
423,-238.21777,59.104942,-242.8301068312445,97.56353809903806,38.734186560373075,55.90017
424,-240.03943,60.029114,-242.8301068312445,97.56353809903806,37.6380245777941,63.48365
425,-241.98878,61.80848,-242.8298206645541,97.56200013179368,35.763411366399275,62.83107
426,-247.81381,65.96896,-242.8298206645541,97.56200013179368,31.983747873337332,78.99545
427,-244.90286,63.343742,-242.8298206645541,97.56200013179368,34.28099570994215,80.724625
428,-247.60452,85.84831,-242.8298206645541,97.56200013179368,12.649437156285162,8.710097
429,-247.59964,83.59041,-242.8298206645541,97.56200013179368,14.763351688496568,5.7875586
430,-244.72388,89.937584,-242.8298206645541,97.56200013179368,7.856155022910928,14.557052
431,-244.65585,89.595245,-242.8298206645541,97.56200013179368,8.173345499506814,14.659858
432,-245.46295,91.02582,-242.8298206645541,97.56200013179368,7.046634472220712,11.940764
433,-245.41223,90.963104,-242.8298206645541,97.56200013179368,7.08620295539916,12.963141
434,-245.80893,91.245735,-242.8298206645541,97.56200013179368,6.983573025538491,11.741505
435,-245.96854,90.769394,-242.8298206645541,97.56200013179368,7.4827157810218345,12.095425
436,-245.78647,90.77873,-242.8298206645541,97.56200013179368,7.399627621576092,9.965315
437,-246.04193,91.11387,-242.8298206645541,97.56200013179368,7.20389148828021,9.718733
438,-246.55124,89.596405,-242.8298206645541,97.56200013179368,8.792022512827844,13.342252
439,-246.77377,89.711105,-242.82982070280246,97.56200014730528,8.785858547589989,13.484093
440,-245.75482,88.61185,-242.82982070280246,97.56200014730528,9.415990336113682,13.32771
441,-245.91864,87.94635,-242.82982070280246,97.56200014730528,10.099580752321078,13.396661
442,-244.7894,89.45349,-242.82982070280246,97.56200014730528,8.341933895245965,11.745079
443,-244.79588,89.08896,-242.83010693124626,97.56200015172415,8.698086399658084,12.907797
444,-245.52106,89.53841,-242.83010693124626,97.56200015172415,8.462816913249753,13.440073
445,-245.3523,90.42237,-242.83010693124626,97.56200015172415,7.5720365794250455,13.3362255
446,-245.3612,89.49737,-242.83010693124626,97.56200015172415,8.452500032023739,14.894954
447,-244.82962,88.7529,-242.83010693124626,97.56200015172415,9.0331785139378,13.863475
448,-246.1615,88.206345,-242.83010693124626,97.56200015172415,9.931085740762008,12.264099
449,-245.37053,88.422226,-242.8312515774128,97.56200006157192,9.485958121766311,13.008709
450,-246.23056,87.543335,-242.8312515774128,97.56200006157192,10.579647924610612,11.761351
451,-246.07358,88.130905,-242.83325462638408,97.56292266436657,9.973096267409655,11.4601
452,-245.74965,88.651505,-242.83325462638408,97.56292266436657,9.376498804238294,14.49446
453,-245.97139,88.78619,-242.83411271414556,97.56692120565674,9.324366694164278,13.693961
454,-246.17436,90.36138,-242.83411271414556,97.56692120565674,7.942107309657257,11.437005
455,-246.34,90.3169,-242.8343980989857,97.57707158987863,8.062213043190972,11.650748
456,-245.80962,88.58211,-242.8343980989857,97.57707158987863,9.474244047677233,10.478091
457,-245.74078,88.99552,-242.81350111792668,97.66842679955397,9.153593218641111,10.425473
458,-245.21292,89.86894,-242.81350111792668,97.66842679955397,8.160219085653424,12.389149
459,-245.3195,90.28146,-242.66408119663637,98.176264468147,8.329414715466436,12.052584
460,-244.31502,92.640945,-242.66408119663637,98.176264468147,5.776274590275269,31.396345
461,-244.40372,93.11586,-242.21353511133026,99.59857922891825,6.842700174348589,31.013119
462,-252.79999,129.07646,-231.6993210282858,132.21862773147913,21.333338808200363,88.25983
463,-250.88855,129.35387,-228.92224061976302,139.2062370080933,24.074632755584336,86.991974
464,-251.93317,140.38211,-228.92224061976302,139.2062370080933,23.0409502568703,106.58485
465,-251.60638,140.45296,-225.6691577749781,146.8597847706112,26.716795443179578,106.35203
466,-223.44737,136.3434,-225.6691577749781,146.8597847706112,10.748520770786792,31.132671
467,-221.98369,141.15915,-222.07260102120446,154.90336025851002,13.74449867801555,32.465057
468,-221.82611,156.46304,-222.07260102120446,154.90336025851002,1.5790403185772839,27.308258
469,-221.98851,157.331,-218.2519317857533,162.99830217858286,6.788254832281725,27.537304
470,-218.90013,163.85617,-218.2519317857533,162.99830217858286,1.0752212960238607,29.382172
471,-218.72183,164.51065,-214.2646845477712,170.96928208432377,7.847298010592214,29.29965
472,-215.37354,170.19162,-214.2646845477712,170.96928208432377,1.3543663414201772,29.466784
473,-215.17134,171.08966,-210.38277657003232,178.62128755511816,8.925007152289647,31.232924
474,-212.82999,178.63275,-210.38277657003232,178.62128755511816,2.4472368533219115,29.463482
475,-212.6361,179.53442,-206.74875592260867,185.37173411079027,8.29065322174624,28.843214
476,-208.8396,185.84726,-206.74875592260867,185.37173411079027,2.1442368662781712,11.659597
477,-208.85783,185.85617,-203.22294458673278,191.13849187235013,7.72365810990174,12.461369
478,-204.98944,190.0406,-203.22294458673278,191.13849187235013,2.079872078773984,12.262459
479,-204.48633,189.69281,-198.6146443044658,195.50690468511826,8.263193523965432,12.443091
480,-199.13972,192.73022,-198.6146443044658,195.50690468511826,2.8258913103349483,12.34086
481,-199.63249,193.15323,-193.43563714454197,197.8531779367035,7.777566018770226,12.365813
482,-195.40588,194.49947,-193.43563714454197,197.8531779367035,3.8896344276930273,12.478277
483,-194.85602,194.57333,-188.13157028420682,198.59134122860485,7.83342722900571,12.798877
484,-190.18016,194.52182,-188.13157028420682,198.59134122860485,4.556064577895679,9.650232
485,-190.25554,194.87772,-182.8295277245536,197.5885145065345,7.905319144216015,11.028399
486,-183.45047,192.47693,-182.8295277245536,197.5885145065345,5.149162904667338,11.226043
487,-182.17746,192.44255,-177.41844383866425,195.35591802800394,5.579958920462447,9.4244795
488,-179.23206,189.4795,-177.41844383866425,195.35591802800394,6.149909688614541,12.033045
489,-179.36104,189.54626,-172.05401666546857,192.88985959068742,8.035682358143077,10.880316
490,-173.80507,186.01956,-172.05401666546857,192.88985959068742,7.089934862216126,9.287709
491,-173.3035,186.94832,-166.81009265853282,190.42842229498768,7.367185797749341,9.768478
492,-169.42932,184.17688,-166.81009265853282,190.42842229498768,6.778063230024597,9.039387
493,-168.92657,184.71114,-161.95342908177332,188.20260947999603,7.79840675525776,9.956176
494,-164.33989,182.38086,-161.95342908177332,188.20260947999603,6.291896990465785,9.730996
495,-164.32515,182.54715,-157.66749514068198,186.28532100622786,7.635331497483189,8.948565
496,-162.99988,180.45674,-157.66749514068198,186.28532100622786,7.899787795602881,8.782796
497,-163.34499,181.15482,-154.08252663880037,184.65595129511925,9.902075709214168,8.897504
498,-158.28677,179.57286,-154.08252663880037,184.65595129511925,6.596476560614219,10.211399
499,-158.367,179.94385,-151.4343719871315,183.44276798088973,7.765554425429406,9.322555
500,-150.43333,179.60193,-151.4343719871315,183.44276798088973,3.969146337361206,8.908131
501,-154.33075,178.59041,-149.1812076429696,182.41107033731925,6.4121166293890255,6.158726
502,-150.29588,180.7984,-149.1812076429696,182.41107033731925,1.9604092256664876,6.5462766
503,-146.11354,179.03741,-146.38936733227408,181.132676430956,2.1133392310490455,5.864435
504,-150.45148,174.90375,-146.38936733227408,181.132676430956,7.436416493321123,12.655086
505,-150.38277,174.88799,-143.20339621682723,179.47439876377328,8.519304547991382,11.1507225
506,-145.48936,170.69196,-143.20339621682723,179.47439876377328,9.07507355748027,8.874769
507,-145.66948,170.85365,-140.07353279888255,176.97761706671255,8.29563466412667,9.9418955
508,-140.50543,167.7122,-140.07353279888255,176.97761706671255,9.275473934420244,10.228903
509,-140.04388,167.48167,-136.19233041276212,173.76628537626388,7.370943282903989,10.033337
510,-134.87631,167.86102,-136.19233041276212,173.76628537626388,6.050126289720623,10.013577
511,-135.41748,167.57028,-131.20371228794343,170.87422885247406,5.354615504562912,10.747261
512,-128.66522,164.76303,-131.20371228794343,170.87422885247406,6.617452017935382,9.818
513,-130.65393,162.69614,-125.32893448303176,167.98247440009078,7.503396097126622,11.148841
514,-125.76102,161.05327,-125.32893448303176,167.98247440009078,6.942664510676237,8.948499
515,-126.01699,161.78314,-118.86968006989679,164.96921697504388,7.825287334576122,9.678459
516,-120.419815,162.8055,-118.86968006989679,164.96921697504388,2.661692322980921,9.037019
517,-115.86439,158.32709,-112.44019025453586,162.08115451494942,5.081156044188193,10.038397
518,-109.82062,155.4704,-112.44019025453586,162.08115451494942,7.110855283769613,8.350463
519,-108.77926,155.76666,-105.97635214005432,159.0608290502303,4.325253513745393,9.318258
520,-101.59956,152.37534,-105.97635214005432,159.0608290502303,7.990750863409758,9.337461
521,-102.26145,152.10843,-98.78349437111463,155.6947652310612,4.9957977554526085,8.469279
522,-96.73544,157.25662,-98.78349437111463,155.6947652310612,2.575638075439594,9.18358
523,-94.070816,149.17297,-90.44371842531245,153.05985450430325,5.31635965825452,12.143933
524,-84.76491,157.13876,-90.44371842531245,153.05985450430325,6.991880126586252,6.530219
525,-87.83529,153.94576,-81.25384399478641,150.84050780156946,7.2772232733109075,9.079898
526,-76.24224,150.54306,-81.25384399478641,150.84050780156946,5.020422346425154,8.101297
527,-76.375145,149.77144,-71.42711269763556,148.47075151299714,5.116132342820696,8.082429
528,-66.11778,146.21964,-71.42711269763556,148.47075151299714,5.766845903396116,9.672682
529,-61.130875,145.12581,-61.05941019508381,145.84877367594427,0.7264884717368173,8.9324045
530,-52.33516,138.46754,-61.05941019508381,145.84877367594427,11.427821182350202,11.759143
531,-53.545387,138.38974,-50.50365102001745,143.16466628746508,5.66145569148786,11.692825
532,-44.68889,133.23671,-50.50365102001745,143.16466628746508,11.505467686186703,26.584715
533,-44.8822,132.65863,-40.176295022575104,140.72756439191878,9.340943325299778,29.036558
